{"0001.jpg": 1.1666666666666667, "0002.jpg": 1.3333333333333333, "0003.jpg": 1.5, "0004.jpg": 1.6666666666666667, "0005.jpg": 1.8333333333333333, "0006.jpg": 2.0, "0007.jpg": 2.1666666666666665, "0008.jpg": 2.3333333333333335, "0009.jpg": 2.5, "0010.jpg": 2.6666666666666665, "0011.jpg": 2.8333333333333335, "0012.jpg": 3.0, "0013.jpg": 3.1666666666666665, "0014.jpg": 3.3333333333333335, "0015.jpg": 3.5, "0016.jpg": 3.6666666666666665, "0017.jpg": 3.8333333333333335, "0018.jpg": 4.0, "0019.jpg": 4.166666666666667, "0020.jpg": 5.0, "0021.jpg": 5.166666666666667, "0022.jpg": 5.333333333333333, "0023.jpg": 5.5, "0024.jpg": 5.666666666666667, "0025.jpg": 5.833333333333333, "0026.jpg": 6.0, "0027.jpg": 6.166666666666667, "0028.jpg": 6.333333333333333, "0029.jpg": 6.5, "0030.jpg": 6.666666666666667, "0031.jpg": 6.833333333333333, "0032.jpg": 7.0, "0033.jpg": 7.166666666666667, "0034.jpg": 7.333333333333333, "0035.jpg": 7.5, "0036.jpg": 7.666666666666667, "0037.jpg": 7.833333333333333, "0038.jpg": 8.0, "0039.jpg": 8.166666666666666, "0040.jpg": 8.333333333333334, "0041.jpg": 8.5, "0042.jpg": 8.666666666666666, "0043.jpg": 8.833333333333334, "0044.jpg": 9.0, "0045.jpg": 9.166666666666666, "0046.jpg": 9.333333333333334, "0047.jpg": 9.5, "0048.jpg": 9.666666666666666, "0049.jpg": 9.833333333333334, "0050.jpg": 10.0, "0051.jpg": 10.166666666666666, "0052.jpg": 10.333333333333334, "0053.jpg": 10.5, "0054.jpg": 10.666666666666666, "0055.jpg": 10.833333333333334, "0056.jpg": 11.166666666666666, "0057.jpg": 11.333333333333334, "0058.jpg": 11.5, "0059.jpg": 11.666666666666666, "0060.jpg": 11.833333333333334, "0061.jpg": 12.0, "0062.jpg": 12.166666666666666, "0063.jpg": 12.333333333333334, "0064.jpg": 12.5, "0065.jpg": 12.666666666666666, "0066.jpg": 12.833333333333334, "0067.jpg": 13.0, "0068.jpg": 13.166666666666666, "0069.jpg": 13.333333333333334, "0070.jpg": 13.5, "0071.jpg": 13.666666666666666, "0072.jpg": 13.833333333333334, "0073.jpg": 14.0, "0074.jpg": 14.166666666666666, "0075.jpg": 14.333333333333334, "0076.jpg": 14.5, "0077.jpg": 15.0, "0078.jpg": 15.166666666666666, "0079.jpg": 15.333333333333334, "0080.jpg": 15.5, "0081.jpg": 15.666666666666666, "0082.jpg": 16.0, "0083.jpg": 16.166666666666668, "0084.jpg": 18.166666666666668}